0,1
1.660038222822742,-1.3940465123779624
-1.7093805366912205,-0.6092142183733905
-1.0583502799912203,0.13029430834755718
1.073274259941944,-0.8895841350384182
-0.9181786583322588,-0.8346301444785356
-0.9336072743045607,-0.8516291648172686
-0.41419461812481484,0.8797358668738148
-0.18887072526611415,-0.1149341414834082
-0.31640163944750144,-0.42325308173423204
2.247036444578412,0.9192157754424949
-0.9270439730283593,-1.7258686146029045
3.8684179466798168,0.41558100871381376
-1.83190942229456,-0.18951269445069394
-0.24687989239798197,1.9150631495543498
-1.4563736287258737,-1.2201594076155993
0.3667677471619466,0.40597137646876025
-0.9070016942483604,-2.0665741542734466
-0.5010909645737893,2.14614940328458
0.4962587052552878,1.2219554459265343
-1.265878263586958,0.21064300442978434
-1.8479072220433839,-0.7377933809949911
-0.4117928285496725,-0.3392686362961083
0.7911722420710053,1.3389410220618831
1.1989724192611322,0.07832904496025164
0.41362527841495095,1.2046798836148933
-0.6904391735972756,-2.2939907841375864
-1.0966425580552956,-1.96845270021615
-1.029382154768568,-0.07347668625737477
0.7355016119996277,0.786290068310554
-1.0803475134515106,-2.342732384416912
0.9487414018294982,1.7803610508959
-1.1728406618685079,-1.4240796546863663
-0.8939989652560262,-1.6456808476237852
-1.119677288141663,0.5804918710236192
-0.28311403245230454,-0.6644738460901237
-0.6220122767037843,0.29648008663289077
-0.6849847260133348,0.2012812605450389
0.5497612737917146,2.088551435590558
-1.3412535224855424,-0.3878035843766208
-1.2338701940023549,-0.3471788978725694
0.603470388271018,0.5844953264634372
-1.4699504085813777,-1.0213568357843088
-1.2029660933404027,-0.4863967157236661
2.9660220267856405,0.17951195306859882
-0.08638935749276508,0.13889009014239592
0.7945513926792089,1.0081996293773774
3.387780965110875,-0.6071742869230246
3.4411145748672904,-0.3228460774214481
-0.8337256674648518,0.5435903749533153
0.19483042438112594,-0.19624937446105273
-1.0770937855229223,0.20946237621427416
2.529655527957866,1.0869747048108387
-0.7543122133768813,-1.0838062783982172
1.9938934437186895,-2.5166737631948832
-1.667889584779951,-0.8536962148458919
0.18198540762648482,2.7211258245926637
-0.32794638403714327,-0.518191158294547
-0.9481562337169133,0.6776865420061626
2.4091007890934413,-1.2817967095153584
2.0844662130285196,-1.637990744408963
-0.15108390497339,-0.38117838935374726
0.27894251447572754,1.31608745465513
0.2227336324346767,1.3035707062248854
-0.38369674757001115,0.5023594041039414
0.14339309795199282,1.0264901956141679
-1.0455425075811509,-0.39928352454139265
-1.8010869639092133,-0.44631520795776414
-1.49739774191674,-0.40106030413048327
-0.5855578661345558,0.14012521272809816
-0.5875117077788728,-1.1940603339368383
-0.4321824790795188,0.6268200382855629
-0.0609455850335067,2.0044934076653833
3.2369279972119074,-0.9480294577235453
0.11038019498717522,0.9046819093590388
-0.12578913706216502,-0.12453743069657379
0.3953981639735179,0.2908643804057896
-1.8736768193767235,0.04770861053076515
0.4947894509288248,0.11987188303434976
4.350750400044489,0.5214236427243987
-0.7727717911653847,0.24308707710404734
-1.407995983496738,0.36716606356010256
0.22711974591426667,1.6460905519535023
-0.32904463418216656,1.611496495176199
3.7351710184572084,-1.2792866039589208
2.288184618517019,-1.5244473971150003
-0.8647390545765028,0.5369715872726669
-0.697415726500871,-1.5519953987627206
0.568994665381004,-1.023913467773259
4.205794810789538,1.2661380423477555
-0.8985780256770136,-0.08335322224820972
2.0685667511271726,-1.7956176885567492
-1.5225450415574633,-0.7424131143212767
-0.9923161831200119,-0.6105729127798741
-1.1908758638810018,-0.8204630298698573
0.11076972385798814,0.982802404738678
0.20301217457593146,1.4275721481556962
-1.1075688286190997,0.15444318193679515
-1.5373634076015033,-0.5980794406929539
0.474023316584479,0.7840503423329575
2.372190037817272,0.8879785890686756
2.310309083761724,-1.0051874665794334
-0.13025647594262435,0.24222151809403591
-0.13894071541260486,-0.7216359723413597
-0.7726412156522763,1.4891318808165446
-1.0799870432806322,-2.3205639777774962
-1.302264315940483,-1.333106039376475
0.05446396067688754,1.044041722245549
-0.9051431385042429,-1.3239116502854222
1.6625783024971204,-1.3476536408946458
-0.5256531293515775,1.7205829519966158
4.29876323984971,-1.636577875260254
-0.9671358115827542,0.9276787114487871
0.8169150512014904,0.19902064274306444
1.1171338952369978,-0.14197750637109463
-0.15911319433267526,1.947425230285906
-1.2860467029499363,-1.820864988962121
-1.1268796726492278,-1.6200406840735997
-1.3789625920097743,-1.0670061625205929
-1.962594855414202,-0.41588509165389353
-1.1647325599137166,-1.712928189130506
1.7769527952492208,1.9280971962827795
-1.8465070319229726,0.015175092910935974
1.906546973505978,-0.700042908497972
-1.0146055580137459,-0.8760348183124512
2.544581647108171,-0.9853068635428346
0.4766725792863285,-0.17568583421846493
2.70571729888236,-0.8967233084712135
-1.1654522955093007,0.8649876228090227
-0.3199816998971089,1.5879237402805833
-0.011842736067488452,1.4052139813509734
-1.6087438487649097,-0.8335921450001414
-0.4714278333595121,-1.0014554081127032
-0.3711479172571894,0.3540639913982014
-0.619735082953062,0.3161724001230002
3.093154153938623,-1.5537806627400679
-0.03970283896418501,-0.7815946749788076
-0.7863550696543592,0.875313176407817
2.966773803886668,-0.6712893354292526
2.0241454238896703,-2.6530654670921874
1.132334663913145,1.1140809728919812
2.94588961683927,-0.9115496954584738
-0.462524691389764,2.125831518261645
-0.9521948030108834,0.21014174449489814
-0.7271411077533702,-0.49927142276612835
0.48988535373769637,0.26755099844224645
-1.3314831272189083,0.829713803566435
-0.627512303883501,0.17788170682668322
-1.3259658300266561,-0.9296978487489382
-0.18009853936956013,-1.8836870947483406
0.022673660535543726,2.387315279284965
-0.490727310469647,0.7428926315837632
-0.7676299148634279,-3.113031638910955
-1.1469876782495265,0.7108766008492023
-1.3322204487521212,-0.6919157212798446
-0.35795243370784824,-0.30639762112051677
-0.045511764536155755,1.0678512105199187
-0.25562359192466105,0.8534689533737779
-0.04952553564908865,0.37829004170557007
0.41951332271680863,0.5317489820534601
-1.9293170758635934,-0.22138588133907647
-0.4115706060333103,-2.025621779419566
-0.17448010470355274,-0.36717501817416875
-0.36684824113852094,0.5636118042754047
-1.0529733593183843,-0.3542759232474211
-0.9551394089208508,0.38234171984450205
-0.7635021544045433,0.7601567007800029
-0.8361477733806628,-0.2430504906387878
0.2958990854260921,1.266197785676837
-0.8825036888653802,-0.2743319252222196
-1.2607068178229919,-1.2448189545670145
0.5936475412728354,0.47008333599583035
-1.8611391323941908,-0.7042219574574645
-1.4879372112013372,-1.308660546860021
-1.0084881271698938,0.5536720872796181
-0.14615669398170292,0.4957492672661765
0.5289862555505681,-0.8385206756767639
0.6104152505355458,1.788210921946821
-1.4626891261027677,-1.0628533128827733
-0.26109905416656953,0.8647627957719446
0.8084647555469795,0.271866857284044
-0.32776980683217116,-0.2334139345688407
-0.7046345440618077,-1.051820595915942
0.38201809957255234,0.6270389971498509
2.957280903273485,-1.1805745204708369
0.3478435182847747,1.7682115786035402
-0.7582345041669302,0.7314906542982368
-1.7584702110207757,-0.31697108154545534
-0.1349042063819889,0.4321377515870418
-0.9735521700440652,-0.9516742787908377
-0.7189334241172188,-0.43511988079726743
-0.38714704272934064,1.0031605022627297
-0.8346852424927511,1.4207765625373083
0.2971154327438357,0.14134462219889724
-1.0771034743889694,-1.4135004579228836
-1.178269372986581,-0.5164233784229396
1.0377453328776276,-0.8011957306482632
-1.1471815482124004,0.5473656409244606
0.1982315632668979,0.5502346139439385
-0.9531946556587159,0.38283887829335883
2.662108104179217,-0.9677831983706151
0.2232708275359388,1.6503298415419279
-1.6371327138995377,0.1586028418269389
0.9612538896650944,2.6002116051431385
-0.23916999236520295,-0.1006340391737922
0.34975994656710646,-0.33700713094014956
-0.5410040323552374,0.6838373946666874
0.786762242894656,1.3501328626455762
-1.222808199155,-1.9828843536167406
0.3144376013301472,1.1745245344119535
-0.17777072697102844,-0.5922504845795957
2.886627945169935,-0.9387566341865977
-1.4661912139884838,-1.3963548539039805
-1.2764463204344119,0.6683545694189198
1.9151809871459544,-1.885230228729777
-0.7876626943210112,1.1512079836713491
-0.22543910665117042,-1.483855664366493
-0.7715444186921718,1.2558469134859365
4.29272056453269,0.11097719346232528
1.4832110467839799,0.8686608838141349
0.06094799998071075,1.9608877748100066
-1.7044065719215016,-0.2649717903701441
-1.3080127539619433,-1.5965564975337518
-0.7541695781497595,-1.0829029106807033
2.22469398279566,-3.243295225050811
-1.1386861225552614,0.07882868016562124
1.0038084989757774,0.3454090150431956
-1.2012962376218947,0.9755492085159565
0.6887520253051184,0.36639468928787866
3.3579395970536594,-1.1174315290724859
0.3079296083798806,0.8132632924248289
1.9620964559463034,-1.579609555373568
3.911753639275988,-0.5077309777103592
0.8553527652970498,2.30969204176814
2.6597787836901747,-1.4727610504134836
0.9566263465754973,1.2846455872504352
-0.570573404833641,0.6786261853792239
0.3150822438576314,-0.35198713112988006
-1.532949964489107,-1.0568222703042744
-0.5849633871194003,0.7888034770410202
0.3042111818310281,-0.1331447140505183
-1.1481389846181138,-1.3229628747554385
0.3902452339874555,-0.12985797234088556
-0.8373728486091669,-1.999111567360492
-1.3773652941349444,-1.1750538351753388
0.4164850623212518,1.4996530990607428
0.3283934938659731,-0.05703383439898134
3.1516883353135356,-0.9464833690391683
-0.6597305295158082,-1.1675718376228186
0.4713325091988993,0.7362687460532588
-0.27704960681619084,1.0898640888239455
-0.22692565585463406,0.09476517534479038
0.9055025546431834,0.6648559463777266
1.787624691012213,1.1634267435743488
-1.5128507184162208,0.0491602573273855
0.7612554895081456,-0.5419669213769718
-1.4098351732208974,-0.9886746058454559
-1.0760913248141921,-0.3771107201051043
-1.0495138773039128,-2.397876997549855
1.5725719079332843,-1.508419446076738
3.0457467068594433,-0.44847742082949715
0.05837127855030155,0.2617009348638872
-0.14526590656660002,-0.5450494591582313
4.042900273119571,-0.5597448851485765
0.09633618154897786,2.0043653243398607
-1.0974506379405689,0.05932491662096063
-0.013724649469356002,2.383570003679152
0.4534423607569628,0.22884877730577521
0.47837170628039843,0.23486647649817358
-1.1543991799070887,0.03181288621165619
0.33586665556165024,0.9019808984205181
-0.3387776715337856,0.4740821092018837
-0.2884812458650157,0.4210458348639556
-1.4994801804617295,-1.2809576594149477
-0.564900125400752,1.0350686851531319
0.05623358852841447,0.4039161186040524
-0.17931409981101967,0.4555258888425124
0.18752283821074103,0.4660702384463684
-0.22399915424907715,-0.24154096967113522
-0.9641445186577922,-0.07997250321790988
-0.5614428661600117,-0.9370942271343254
1.3596001368798907,-0.03656319103540763
0.033080707400300204,1.4643753093845013
-1.309973548721761,-0.6223038739627376
-0.47254186047942065,0.0066730595844449745
-0.8700218041782737,-1.1489830987147502
-0.583779087632243,1.5581939265349625
3.3873954942578153,-0.3739796574843994
0.583681755230039,1.0533958946098303
0.5485067530518701,0.26260637977656276
0.8298223274754105,0.8930039712120325
0.216213161393132,2.0089971875472252
0.4687539388366933,0.6164101493509858
0.8290814293474364,0.8140255596158582
-0.18483764318631396,0.2978452517764333
0.1304840328314307,-0.25993455179086056
0.6047460779213513,0.9031493324300154
0.835283469890785,0.36183868560335153
0.5642428894944957,1.3788012216256038
-0.20246739077126796,2.345535343817817
-0.569787354565849,0.1465473480731293
-1.0851766439076707,0.5020294674977068
-0.14367096153828013,0.24901381097741368
-0.757600424391606,-0.007190473640405707
-1.3774705910355334,-1.58892376589138
0.6638429361503624,0.015946355086532034
-0.16218853103758474,0.41049518901107057
-1.202716343382642,-0.4296302499656937
-0.1922854242210757,-0.1670929755599437
-0.7419811405159632,0.14302186856387678
1.1169423341239895,0.8143731918304267
-0.6688164653318509,2.1759196733581128
0.13206704607183029,0.5373012741558775
-1.984271063471857,0.30103412588183176
-1.2280123278755257,-2.0006250519551956
0.2142990779647669,0.5041551012523561
-1.0607633457082077,0.18226378915031063
1.6206902321354075,-2.11314117543234
-1.3722723472940477,-0.8483380166451457
-0.9173681320541546,-1.4184233921044584
0.20319607257210417,0.2417324210684503
0.7834506177584988,1.1066271478605016
0.03378336611426001,-0.29439512951233543
-0.2348331963086763,0.4361324166670785
-0.970748913883345,-1.1576260134977672
0.9874627717328404,0.028987010405630637
0.869700745418337,-0.3483013093829505
-0.2513440876511538,0.10697657758551281
-1.7482292661797059,-0.7189831822873106
2.1392715601533667,-1.686348805236714
3.334284886655481,-1.0494025698357603
1.188039570177426,1.6048269506323016
1.7637439523211593,1.865856665803606
2.6448414493523,-2.6316773525962653
0.885878732401898,1.382262386476187
-1.215354913547617,1.4683532619075046
0.32909649983044026,-0.8365561678398705
-1.9746234557514415,-0.3853642133812091
-0.09865325467815812,1.9487735255322252
2.2717803923884787,0.6751806450639369
-0.8253051525961096,-1.6844806132997885
-0.8306266724381892,-0.5243905519490799
0.24537111311208037,1.0755181820392536
-1.6760069167620832,-0.5216568797389902
0.03709049446830635,0.16385047851925685
0.09414461337058595,0.20854147068650367
0.10972115623339951,0.3960343187878127
0.1041822555500558,-1.0178492396152548
-0.5029387103151036,1.4144148772368477
-0.18984998622080887,-0.46610564301057283
0.8236725269202599,1.4279048541092465
-1.924907076687244,-0.23257772192276902
0.09282294519831444,-0.04340484760482269
0.697871837604569,1.4083129212434622
0.13887883143900473,0.8970840455070235
-0.9544520262667616,-1.212603698881725
0.18732208208523085,1.3412564878588027
-0.7908571528264556,-0.8948645113856195
-0.11643471211798717,0.2061233890231597
-0.1485476389486422,-0.5650868389129182
-1.0241420814353144,-0.29322269060673584
-0.9622591406362188,-2.6423236739073195
3.2980182725913374,-1.6486895570680975
2.600826231699756,-2.7698675459171813
-0.709215552605399,-0.34782766674863175
-1.5845861801650845,-0.7535990700396742
-0.6544828210318692,0.9428282966132029
-0.33075698705876744,1.0202627804956674
2.554117296509907,-0.8304329494714728
0.3034240739637003,2.3717621596876106
4.120132254745409,0.29043367435414147
-1.1022699965500653,-1.2813142389204715
-0.2893732883351605,1.0026593255040053
0.3155531128412045,0.454596390766676
-0.2064321847110017,-0.7029566019386123
-0.724483681505434,-1.5292304879337328
-0.486258368342863,-2.6267213124309334
0.5759391630810328,0.04300210285287831
0.15019528541607854,0.11852075849270233
-0.3599919038496674,-1.4510805364129962
-0.7137033010885102,0.02064917083476511
0.21531932328441902,1.4652521388833581
-0.8238407702018089,-0.7524955514814456
0.54912477899383,1.8525930184653954
-1.2598077481436296,-1.313701150738156
-0.7460151457669946,0.343792331867723
-0.12531476792457302,3.209049105369807
-1.018003278952786,-1.3474396473146775
-0.9014426169299116,-0.24575823437538266
-2.2051771269571203,0.16861143246686042
1.6553717006939994,2.360299036222047
3.7355129697618272,-0.06722846442653184
-0.7259543561667909,0.9026696178771346
0.6652856787358277,0.48327377476612143
0.5064464462308467,0.21129479058890469
-0.8326818109968184,0.28072810288653643
-1.3855547926742513,1.0062689309993467
-0.4651905344949142,0.7855501420355784
-0.686553634015052,-1.2575415021884604
-1.3535605370168269,-1.2590776691249141
-1.418934376302891,-1.3469679520694304
-1.5604550847027647,1.5474496645723221
0.7456033389704497,2.312111041409153
0.33413722108709026,1.1988952449595007
0.37052853981336453,0.7600920202593727
-0.4730256572910445,2.074940605025514
-0.44435402407024743,0.8396115781846394
-0.1336921613770347,1.6910197035738035
2.5473611067653557,-0.07267818630671205
0.7855122407932408,1.8724753841670412
0.57658639874585,-0.11849785605640961
-1.2708095006281563,-1.8595230643401042
2.354208353991628,-0.9035224448412505
0.4127882872858888,1.44428878281709
0.4294422300064978,1.3667113392378318
1.2787563644400233,-0.9630945915570862
-1.235039243358914,-1.5027715578315146
-1.4608372000043193,-0.4399527973859788
-1.2490108652725738,-1.581881339387141
-1.703980450102026,-0.7621386454713327
1.0404232909186737,0.5914699070787938
3.5272699576407556,0.49652558261914875
4.043933847352432,0.4016593652833784
-1.471923395443233,-0.5015032225802962
-1.8540133666456007,-0.3120326447912666
-1.609360487697804,-0.6501308207176307
0.5895202636861249,2.5967326075317168
-0.3804695626401511,1.5272166149782502
-1.6514436973650546,-0.9263672190192628
-0.5397233605654861,2.041419108131448
-0.32847609504323944,1.5818949215676656
-0.794216336600439,-0.8398034204400507
0.9351449490075786,0.16125117796907965
-1.746068462770346,-0.9652187219029755
0.1533711660105881,0.6761974272969183
-1.8282822113697192,-0.44677921388499753
1.732247720070078,1.0316643497215152
-1.0471203570211731,-2.0940857814892406
-0.3272210250220848,2.743084468059066
2.131142920591307,-0.994265794018833
-1.1787934811443317,-1.7981947206475715
-0.7459766884211587,-0.4715979898145173
-0.3851318025025706,0.6881805766020318
-0.011597966606992763,-0.027810919772083033
-0.011067593540193368,2.463906814341989
-0.12772549567547678,-0.817990905596999
3.24604568461973,-0.4858324985666987
3.1621940172785687,-1.0488506863898948
-0.6261062724293952,-0.003700885335902664
-0.4007733549611443,0.11280812224706929
-1.2870386614622598,-0.9226020657189371
-0.893001246539098,-1.5826587239013477
-0.8406699957966368,-1.780980980463119
0.10859175848592867,1.1131977657990524
0.4542815358641468,0.6718251363715505
-1.5005348438784982,-0.3392426249869506
0.43532746695178065,-0.7527509376813285
-1.8142339806502714,-0.7922821815720461
2.5174590092157496,-0.2660606115524624
-0.19929270962312026,1.790237873168604
0.742497379454347,0.39493475423441665
-0.12319186968653646,0.335075798292295
-0.9946162195436504,0.3243062072501362
-0.8727946298252376,-0.9503073905943558
1.8017720444348138,0.256673912791653
-1.6322230195543055,1.0793379183510154
0.06060321679457356,0.5078022271474271
-1.1042590403463806,0.7293655995966807
-0.8166989976861283,-0.38166667197566423
0.8199364096792068,-0.28823747420032186
0.009612495439707115,0.647732761441559
-0.3874631568411553,0.8675263948771639
-1.1485563665503995,-2.146606736790122
0.7901396911676373,0.9006758988745703
0.5002871977573606,1.2870399464490507
0.20799544489732286,0.853761311781333
0.12519850607051772,2.3438963004486464
-0.323104157895168,-0.716822612845119
-1.148760896619365,1.3492371386528028
-0.3077524028590813,0.9857175737183268
-0.1980695535371208,0.33141667531395985
1.5312174573230661,1.3161448256200539
-1.0690095091361744,1.3090952995254674
-1.349693269213619,-0.46017235460768297
0.31617562115622716,1.9525547013578082
0.12260796657388781,0.4727426313420766
3.4647700730236948,-0.39021882378269657
-1.1789674438091313,-0.6383134691399
-0.5357261711933403,3.101430338449707
-0.9360789738203745,-1.3930822765169983
0.30174492167450884,1.575304805852811
-1.0191347963341344,-0.47609409531605346
0.6164714271224271,0.5619542633150363
0.28620595156216855,0.9323664961137617
-0.05532356376064729,0.3288977283708882
-0.9635173111697584,-0.6943211015722462
-0.14748088145214508,0.258679895313714
-1.2303554450166652,0.07248597751989587
-1.6860190382057128,-0.8061190581106126
0.43716317018003104,-0.5927092142490527
0.27752841384345445,0.5475822175589901
-1.5225940927769033,-0.38727020898271514
-0.7429875881387507,2.1581681160052377
-1.4317274027283828,-0.5237417192230314
-1.3979328742354635,-1.2271454367637904
-0.9074948985673749,0.9176411698058109
-0.32593083800614714,0.13163378499322934
0.15779224098536568,1.807574338543902
-1.217105692343354,-0.23638596623555827
-1.764325331142976,-0.15995269677613785
-1.4216588030286996,1.1898875848779134
2.322496960874076,2.079669934841825
0.636515150574247,1.2033517172013433
0.5628510192975095,0.47796179555669105
-1.4166406055017449,-1.2812780795359289
-0.1978521897582601,1.059104771248735
-0.7303785456551088,-1.9149528029553984
0.8979158575354731,0.1636850236556192
-1.4879372112013372,-1.308660546860021
-1.201757561149106,1.7981867768199373
0.5593970002297054,-0.47003978778927324
-1.4252875997462482,-1.7790505600710984
-0.8243466503446177,-0.3298713011704937
-0.4589962531094146,-2.045692147307736
0.5609814200283201,1.2690017714321713
-0.6966764975146973,0.17534084373826278
0.15555814967400433,1.1998336860238952
0.2928746363991279,-0.830731558088351
-1.4094251042308539,-0.6184932651316583
2.3186951484792737,-2.6393766802670218
-1.1494124379827477,1.0533280417495055
-0.07271250814121147,0.378849949804319
-0.3315992375960313,0.4251481768742861
-0.6274600493774903,-0.3017260391010284
-0.6422530392134376,0.9779763836169549
2.169592909106889,2.1712369111299146
-1.9646047205614225,-0.1318675495237408
-0.10193459296904311,0.4522885476358968
0.1865649679292343,0.7113946634527298
0.64462366901705,2.776047391117428
1.9965543752078867,-1.8822012913971715
-0.2997228740629137,1.0564988226193752
-0.7212004824522271,-1.6411129062208407
3.8541042352483177,-0.32242948163032537
-0.5893494131704005,-1.1741384500956544
-0.19903002298914585,0.519660488643583
-0.8849507398058516,1.0290300785786228
-1.3709091580017305,-1.2726239655604328
0.1945216554893605,-1.4270684819312407
-1.6488017001100503,-0.6613765423759151
0.5561241155459199,0.24328047307117973
3.1293336931954565,0.11765589557037705
-0.3443016022883228,1.8560714176409643
-1.311976860197224,0.01773623167905525
0.08164228105007851,0.08065760273827435
0.47152946526667977,0.6073894093730159
-0.8429476054141811,-1.185857984889575
-0.19859487602598933,-0.4097493263188976
-0.8131261033555642,1.2270093746219946
-0.2915154281775247,2.0242161700449026
-0.3786247929367723,1.7144431880396844
-1.590136697881814,-0.6588765532413198
-1.4090205588509042,0.04283825110436147
0.1098641391509668,-0.9908885022835698
-0.6339401841682264,1.9705876520443537
0.569933114603795,1.5810627305774996
-1.0326545851782565,-1.673844481151722
1.1042374383510676,0.9439575230504338
2.8818469639127144,-1.4507278775622134
0.41510615235477394,1.8458241585725095
-1.1247073833704568,1.9384035008812994
4.131835848901196,-0.04621577082169557
0.5547792184985557,0.9748735087242486
-1.0583655045427227,-0.09063422327159525
0.4768813254482238,1.3113941904879252
0.3143470065343945,0.42049532245062704
-0.3716348252421526,-0.5804438297513486
0.29469132380831736,-0.6699129172394626
-1.2704502691241182,-1.83735152671708
0.49824899704431613,0.7998758141766824
-0.5015789731562975,2.1443301888196413
-0.28400121390472904,1.8882387959246767
-0.3422874247842379,0.5907133276137051
-0.45490580517996315,1.2790611943915569
0.11535700104261208,1.6134310007068746
3.5259657616085676,0.06483984346555165
-1.8274538889019678,1.026587614131563
-1.0445471212099813,-0.3285906225045341
1.5525084137481824,1.2028428847518604
1.108044808397686,0.9671180257359968
-1.2136452029903617,1.9676437889178322
1.5363886729888234,0.8177553961068517
-0.6455807985553851,-0.5783140653971119
-1.8302633996944693,-0.782552546902659
3.9724930076120413,0.1472299118272798
-0.3012751241966306,0.7422737191256573
-0.5670362729200037,0.19080150223918949
-0.9194325832042416,0.08588800403960574
-0.8808819914490815,-0.9315930654593074
-0.9602733340927924,-0.28289654244862306
-0.6927162056661961,0.2045329991826581
-0.008094647657738088,-0.9169859388015914
0.031593104756248484,2.4464892426710367
0.04320648074902246,2.205330324242079
0.4654677228548482,-0.10165217296242263
-1.0113944251613671,-1.7638985641150755
-1.4092496541339028,-1.8197416110410878
0.30234366511058447,-0.18177466432076575
-0.5813650158608874,-1.050327336211697
0.6368964476526359,0.08752682440388769
0.06964023273867911,-0.537208672048991
-1.2548857145329653,1.1460163797171794
1.5442655060614223,0.7728298495853292
-1.1205800892901128,-1.8073178853504424
-0.707860493613259,1.3967255610678544
-1.4002982143752312,-0.9142243294287961
-1.029872290289948,-1.7688445935549826
-1.4835224116500256,0.30349005789169514
-1.5300191665967986,0.1034029737662433
2.143797882320003,1.2864047403873982
0.09646322819828085,0.9415754120851815
-1.5416274234552418,0.4479429405787381
-1.6884243360001527,-0.4222790243539524
-0.4281759077110944,1.554777490247234
-0.5704762590420243,1.8251458797281515
-0.5209575787396626,-0.7299450685350616
-0.020902043137799947,0.2751924362120791
-1.0334714041474686,0.5767183948963845
0.28363168898399116,0.5298426895969486
-0.3954737307800191,-0.4113450369968617
-0.44257374152463347,-0.9209837563169302
-1.7667188514257157,-0.4637439128367517
0.3197743420700218,0.251792390141337
-0.14535839934706082,0.3386371729188174
-1.6816169868936202,-0.5225155756836392
-1.235287751406448,-1.2492848385995803
0.19327668868179193,1.2113067405708684
0.36302751266932126,-0.3217867412049165
0.8361334409329746,0.3718304038059895
0.03296258183479824,1.3799659635379555
0.31143707134514603,1.1158024499154904
-0.20985346323799628,1.1939648774668439
-0.14808253382151002,2.0896055840252337
-0.0250890602589288,2.1896148086676726
-2.014720514860024,-0.2836355040794019
0.4056428012048163,-0.08062159499597109
-0.36361603499121,-0.2527897761466728
2.6239637336950397,-2.2524214909101623
-1.6566049531778384,-0.547807338076584
-0.7703133462348866,0.8814282223805048
2.7085951628568066,-0.8736127983699492
0.21081003499876164,0.21903223026154026
-1.160128892383066,0.0001259776741370735
0.29089357254797094,-0.17019679602526228
0.4667779344548224,2.057950003750958
-0.12455687793642917,0.9152384265945841
-1.038532379404514,-0.8047728873407648
0.3036035700684837,-0.5897004679935713
2.0261951117729198,-1.21884169751035
-0.9688949190023901,-0.762110833001933
0.05304957441710073,-0.13399157303194592
0.11598285650073277,0.4962392220852036
-0.20927953848613892,0.13015234359783523
-1.1336752442440599,-2.207435382561187
-0.6136449086773587,1.4675601481385572
-1.163885709768302,-0.8345903082732493
2.5219933611915804,-0.9354250817668401
-1.353102383287782,-1.375420154461293
0.4135955935481847,1.8196732155603401
0.5541338510830316,0.2926282084825195
0.3983647946831884,-0.01732375066777225
-0.49268886008739565,-0.9545998589889614
0.27005315632755095,-0.780488781180605
3.0220069924914084,-0.23876694772370538
-0.8014922362743012,0.15213996589073472
-1.0372966051680559,-0.608298873570538
-1.738692451339652,0.0540158954348612
2.2382772013091903,-0.7166601651876532
-0.8416792240616601,-1.645311865561104
0.3440888574888327,-0.38255130939430737
0.3171995703539753,0.8953921530987062
-0.5514796896322767,0.999984994771483
-0.5864163338605758,0.48760541174373356
0.09390235368517634,2.62916540486701
0.06345930539947235,-1.065673364642086
1.6340620777785775,2.8836462698640544
0.20978465701705706,1.0115212064377577
0.0799427280733274,0.5401495499641245
2.0001742274391723,-1.8160884795799919
-0.47068369555113354,0.498875140903304
0.02084209243395138,1.3734315680218716
-0.4426338844247968,0.2528059274280302
-0.5793257054186465,0.6902711453649666
-0.8145746515081825,0.6217259995885566
0.11949904042798852,0.28210874905065897
2.3445759376507116,-0.858583295520667
-2.1301937512068707,-0.02162116996105482
-0.3356058918638152,1.3177008167738868
3.156811381814664,0.33320235098243034
-0.9494548622955664,-0.33139921872336214
-0.6117025017225118,0.3128982096366191
0.37197128239882987,1.2274194399389622
-1.6692694316188512,-0.5732864089915342
-0.24454939185555097,-1.4157755286237914
0.5098058158323943,1.2464254260711267
-1.2205971804425007,1.1957965656456844
-1.7019608197198177,-1.0771207348856964
-0.8307786465422587,-2.092302800965108
3.2170546044428723,-0.8058166778073695
-0.38869814883620274,0.2527361973948584
2.2072147582185813,-1.5565034044085981
-1.5519608631312363,1.2106084034281037
-0.38307164795347387,-1.559606225234313
-0.008843822190869757,1.6169208596820943
2.600033066769485,-1.9494619804991575
-0.324572322112643,-0.07270531724939525
0.39223664598958763,1.9762785695965435
-1.2940691826366204,-1.35660422098221
-1.3667728410753366,-1.2655897283689297
-0.500906031963397,0.6431553845339629
1.2019485743552616,1.7385804203153121
-1.6417250695383385,-0.6086328528640401
-1.6891217108570251,-1.1406391360345987
-0.7865107570383827,-1.6023792348053696
-0.20651550268712165,1.2089026872256625
-0.9768408778472795,1.224515818804351
0.5569525821771023,0.12340172073445982
-0.41031470840166945,-1.6283557791307788
-0.8993425506424791,0.5225747123872156
-1.5870502347106077,-0.8180377212663037
-0.9665311993869292,-1.6196825480226942
-1.5642851969453175,0.5715980516922069
3.4893923651175722,-0.804247878093473
-0.7109131117136798,1.0346766679355486
-0.7134202199774224,-2.278197034514511
-1.6426205475237574,-0.9487499329567053
-0.2453637020550032,0.5652684049253826
0.7108374272647779,0.20968294863047102
1.1619402753698271,1.3490311294360249
2.8787351245088995,-1.2578623242241134
-0.19640880172044656,-1.0249982054337816
0.20952029029834615,1.8092790045155578
-0.5341550107129396,-0.8466653952151066
-0.5452140642725755,-1.1342719758343907
0.1871496484886883,1.121266443927918
-0.8150303823416855,0.036100695333940246
-0.6780263622862621,0.9941881869843309
-1.1812151532861386,0.17365033789702664
0.5675526366206747,0.21428535104588786
-0.06550878860100519,-1.0833865301460053
0.45487586331377455,0.9595047851479139
-1.7722219505536057,-0.6235377360496268
0.8030942485108361,-0.07577858227586622
3.5893936572857523,0.5412831157992377
0.22250567920245115,0.17879429869360047
-0.3272063131967362,1.5022556505796711
-1.1797749853056168,-0.9471544850846825
0.07683759535970909,0.7892069098149345
0.7023646070604862,1.4024828694323441
0.829750042290263,-0.0918953778258575
3.8313662352746003,-0.6358825407626977
-1.6612382945434327,-0.7338166849175198
2.101735616718144,-2.1632341423737746
0.11460392953256326,0.10578296298957543
0.04645206477471892,0.9609810767883702
-0.4869920901060311,0.4994210122496538
0.38315211243823144,1.2819929033872517
-0.1264066931935643,-1.723117501786689
-0.18584122833499278,0.3537161918471289
-0.6803128010496728,0.5443626970777272
-1.975817000530021,-0.41327821540057846
-0.4537713118374966,2.710098993576478
0.9661819876508453,-0.06886344593899965
-0.8896498698352894,-0.5402534626807568
-0.6734170428270932,1.3976409096820939
-1.1606255506376664,-0.5611825443306074
-0.4831375887633008,-0.4603133990403334
-0.6673064051101781,0.5615071551869186
0.465819795906552,-0.7034007037060355
-1.15998503277912,-1.2729012252403167
1.4589642307289348,1.1647793555863766
-0.616664556292514,0.7534790974587364
-0.713368687185299,0.32310145845566995
-0.7186523346294377,0.4376675353922055
-1.5086964196447565,0.28836407832493427
-1.0904115088530522,-1.2792448532860785
-0.8248721726703754,-2.2476723344626692
-0.612668692566144,-0.76135119093208
2.3556359070308623,-0.8290637412866755
3.850806279201453,-0.17661858497109076
-0.7017605202519974,-0.42143595900811376
-2.0730423945218597,0.2800475120183386
0.28392507527512945,1.1499827063953112
4.1823579664374275,0.3367118908576678
-0.34642665151094476,0.38972946185726265
0.5379761239209931,-0.4230416439021063
0.6887068331270092,0.8481559108036318
-0.2650844827994734,2.895300189839805
3.3720588911286833,-1.5619525577795075
-1.1607506892817394,-1.6587175337866022
-2.008712363611951,-0.019965536541020092
-1.077953993168771,-2.038941168356298
0.32311056665966614,-0.8523808201901811
-0.5545044212650618,-1.0832733877525056
-0.6045977692749309,1.13577885755216
0.030868821865253693,1.9332036671924606
-0.677406914650519,-0.94162962686741
-0.7286324134173479,-0.4920368546340664
-0.4721069121750635,0.6604963992528325
0.31675627921325866,2.9773045878656874
2.1402871880632146,-1.1288032345398111
-1.1651403687331032,-1.231859439545645
3.4904156852919415,-1.4555476050768745
1.0174184489148255,0.9723976529667445
-0.42680453797270707,0.4415642832882015
-0.453144128590076,-0.8940094376420886
-1.5432275404524034,-0.36402632934913765
2.9971118140638078,-0.8253175447472734
0.3684548366979907,1.2879862518489966
-0.9745622626162179,0.3774204430863575
0.5583167920192911,1.0193561130011968
0.2295191512667396,1.853532394777481
-0.9440709504870205,0.389134166355116
-1.1095657798998146,-0.026511769374969255
-0.5159291988048053,-0.30257012517400117
1.6789355813108007,0.943303448127855
-1.1967637323463542,-1.0889092056547935
0.5787245971858621,0.40047475724468823
0.13930523923469107,2.1863985320868964
-0.7815256262034851,0.6000175565036674
-1.930484044817426,1.0821152987153704
-0.8711635131644575,0.6852986641824522
0.15837055462877392,0.9333738238650764
-0.8141696422678475,1.1264736438425764
-1.185541357440114,0.596285685202803
0.2753372433807992,1.1035551426853574
2.284405812795349,0.6302219661413196
0.2957414908271651,-0.04362517762941027
-1.2797441723342728,-1.219189980723169
-0.08970657481799998,0.6054177412555797
-1.4112451808698883,-1.845619506484842
-0.7097214866448879,2.383627775390715
-1.6527950332639734,-0.5574734224128843
-1.1679583301346446,-2.1204562784525285
0.022232612149281007,2.1735541890667776
-0.10916252919812294,1.9416957300508881
-0.8199786119428512,1.2503313249748174
-0.554413874737907,-0.07202961270716114
2.1790571296752343,-0.4950586444322527
0.9396833168306317,-0.8357168179971823
-0.7717753205708846,-0.731472016409797
2.6205207372520554,-1.115708240307509
-1.445849977153137,0.6181091272261223
-0.11245631719602495,-1.0060846315530365
1.530652428440405,1.537172079694943
-1.6383261099324584,-0.13723115484542253
-1.1716490820684924,-0.6633744308583641
0.48557927787495225,2.002800143550606
0.44975451168063546,-0.2964709923474236
1.4951083866498664,1.8128367699383288
-0.924434222770115,-0.16361338972510023
3.566547728862022,-0.40212224164212307
-0.09347805970273,-0.40251376824522256
-0.8052318100864151,-1.6473150988804224
-0.294188673410874,1.245598366368121
0.25981787236164783,0.8839274802015732
-0.3642110101978256,-1.4496274340863715
-0.880453164368734,-2.1242875162174406
-2.1330207386260334,0.32635940955946957
-1.610298018959428,-0.21024196311738422
2.4197067044602085,-2.3735264513437366
-0.7901661360817706,1.4171309509803847
-1.233589296005708,-0.685932031317056
-0.1248606098560977,1.2872206120294358
-0.8828964380598029,-0.16933792881592422
1.9836173996279858,0.30683856418611
-0.36279584923354014,-1.763081603499677
2.3958428117011175,-0.633784122992128
0.3876093408522594,-0.5596115388434111
-0.6399273809750801,-0.7651823060355383
-0.35863778142594155,0.2686246119736631
-0.0834022379150428,0.3516194515784386
1.8544591919964373,0.5580696389711571
-0.89608936947095,-0.41008847153344363
2.2948680785945537,-2.808010948342335
-0.9212519333728801,-1.272482845363733
-0.10399073585863453,-0.4828251646797273
-0.15218200984128424,1.3451613879430069
-0.68583810744663,-0.16202179585987775
2.6156382857689295,-1.9595194883300184
0.25100727275874624,-0.7321677524499299
-0.6847276584328836,1.1723599421671138
0.294121799630963,2.008505707849169
-0.5424268369313694,0.2804105148294928
-0.576056697764414,-0.7403572534174562
2.5442449329644936,-1.7199745218310047
-1.4497957523349354,-1.0149301667812531
0.760853222147849,1.0091796563535607
0.47587788085127297,-1.1369952404744672
-0.9071062267777315,-0.37288662946569323
-0.6807701497673992,-0.9421962597949705
3.499286407994951,-0.06112158933057247
1.2103093209108957,-0.9633359095696286
0.3473044512938219,-0.049403918378418156
-0.15704475893624634,0.016749265995528086
2.9334921535524705,-1.1133932265652902
-0.16495863355264345,0.5184351896360483
-0.8468390340096779,-0.02771143701694839
0.6048538017369113,0.2691431754882333
-1.0364632664252815,-1.6641815277990304
-1.3733570829926214,0.35455975476074036
0.35994659023009623,1.6205514845030204
0.9664723484879016,0.07109377174687273
-0.6509723821810753,1.53377181625249
-1.290359166378041,-1.6722802107256307
-0.8385852183995287,2.1422343821557623
-1.8263660017147958,-0.17630919004437995
2.0211854528528064,-2.075673016052307
0.9742037065323422,-1.755116919637697
-0.2670398420338628,1.149852224918004
0.27261437053203713,-1.607755130479185
3.2539823909955885,-0.8770828863892202
-0.7102594085399113,-1.209546107324123
2.0012346978519586,-3.071761292210256
0.20798162308805784,1.6966974119974485
0.5398794410544727,0.8526053211472078
-1.1455292952422025,-1.6036263558922637
0.7652089789349312,-0.7489226432881778
2.6269306107189365,-1.1130304363330623
-1.0533225585509376,-2.3882140441971633
3.552585432427379,-1.4796071688585217
-1.2081078010044681,-0.7239805298707473
0.2708571619117841,0.935019018742053
3.233837963886307,-0.754446675505233
-0.0034380728190187455,-0.8234548996094272
-0.7347536554910696,-1.5818408310031546
-0.472010991106962,0.8677023499362243
1.0422803028877654,0.3826956381559826
0.15509218399086513,0.0539123001581782
3.1754305662094713,0.6584199492685548
-0.7404018343019825,-1.7504106412455316
0.2825380235249747,0.2673363833765343
-0.4016408490182853,0.6372938582573414
0.4807798166287123,0.8045506945688766
-1.763764517038205,0.19548060458085856
-0.9909632330015975,-0.16994433153721766
-1.5500329727332505,-0.6566298030396106
0.32693538993890986,0.8334149376658184
-0.3549304842598414,-0.17113474312250557
-0.6584376657253059,-0.045302357445365996
-0.4380554590966454,0.11120832182558098
-0.42489500194270646,1.4504789882909261
-0.988168442482174,0.6617155999806906
1.1274475372751276,0.2719419247328986
0.0811889443874183,1.1602615854813227
0.7775606801538113,0.837604788481821
-1.4445231198847808,-1.143477964160609
0.6804906612188842,0.4853098652945695
1.2047826391698417,-0.5755942254757982
-0.9203013647007113,-0.2468069240490903
-0.4532554335761887,1.06064217994772
-1.0672511198307235,-1.942618018189776
0.711723963403342,2.079254844332389
-0.19283908962998467,-1.3873624004637828
-0.7509809576125874,-0.7787908311006675
-0.1670794862232175,-1.2706747235522429
-1.2318519902778542,0.12975276620138718
0.9224878774077885,1.3669433349606492
3.0413712844795127,-0.6861214643329346
0.39697194470735225,0.13502994197779267
0.2424324357098816,0.7752189676244923
0.22868165742002491,0.29468386473655894
0.4488845145356163,0.31318710953537326
-1.3878546247432042,0.12398999976132331
3.540566419506275,-1.0559537116629898
0.014205315335998444,1.8830870205785721
-0.7973502503007495,-0.8076553064283675
-1.6945152226671236,-0.5762936108721335
1.4569002680076681,0.6276890242443538
-1.3800180811594709,-0.15223050232583268
2.9006443975750575,-2.1950927648834715
0.172698329202588,1.2757737458571117
-1.5066518905626503,0.4607023913792046
-0.06576104308482675,1.555459879442724
0.43082784880430447,0.5125607354626195
-0.017640097090566593,0.9309722504606942
-0.055579745847275014,0.2602124360223486
0.3974558586332324,0.26215236307902134
-1.416442499550043,-0.3260281756626993
0.2237465966911699,-0.27254427462396835
0.41806039116659094,0.671074728340134
3.437936808083872,0.07218577012923522
-0.5189561496954274,-0.7208564236528052
-0.9336661789780552,-1.99892408785378
0.021198355248181446,1.2029451758380287
0.25581186077781964,0.25382751882035903
-0.18215852859899379,-1.2672938663819429
3.2496333313359793,-0.35500375701134507
-0.5647555040615468,1.4318816030852128
0.5151208036570989,-0.3146428509157669
0.9512129229416828,0.5488848512273848
-0.14179543769636216,1.0324426507339564
-0.915427713523814,0.7074209177359577
-0.2630760546517692,0.6513539472046926
-1.254887241868289,-1.9015032189067038
0.1248283067468671,0.18253453776954684
-1.8895046779924685,1.5036507193727489
0.9281882991972191,1.6632609294068024
0.5727205158656479,-0.7545866633098663
0.29529992718178416,-0.05091807179998023
0.44656833802621027,0.6175839331772401
-0.32656189020125087,0.18724251003368378
-0.81006918894117,-1.7231355576941634
-1.1152348461468606,-0.381773344013269
-0.43423847694049045,1.374856188879857
-0.528948072680495,1.1251426621010294
1.7881351796135472,0.6816157611663023
-0.6768802338745533,0.4665566253646444
-0.2664473629983158,1.3251942865068165
0.2834046224600424,1.1096440296380081
-1.4203495372671766,-1.0335137826561245
0.32031814594143776,0.3400703477549716
-1.0024070342210774,0.7530957760792995
-1.2566294664334638,-1.562552301698149
0.18954316877142768,1.4250576599885323
-0.8537725974993673,0.27842269619149235
0.4723510866925013,0.6515012429290927
0.15806061121402717,-1.0047329459594496
0.29211209811396915,-1.1431815605292608
-1.1992576771660204,-1.4364204897335335
-1.6558893838561202,1.0353815802765374
-0.4268345529681588,0.5727230646950568
-1.2973344400529891,1.2024723979501477
-0.008589895521847189,0.9459479389631749
-1.172827330997355,-1.775165454309841
-0.2736073078698983,-0.1712768298041081
-0.42275875485617737,-1.1370811748183747
-0.29677536896906564,1.9357579178541482
-0.8689294824645187,-0.4713250098682672
-1.2549168513735878,0.6682973112950584
-0.6946853818018959,0.2082745558770455
2.163307315071761,-2.237493970807672
2.9126173628260963,0.013230379625590486
-0.3306851793226891,2.127675334936099
-0.41509008441426254,-0.16143453492849152
-0.9223434290995113,-0.3342285540877098
-1.4896365422436397,-0.8902111836481368
3.5783888101024472,-0.49527853190347765
-0.619170511227565,0.2190715320966131
-1.2626788221699228,-0.8543451491589747
2.1935416478385648,-0.9401687634243416
-0.5789403312118963,0.9380982158834035
-1.1950861923680247,-1.0398280395009272
-1.5061246556468124,-0.41632140864280426
0.287084891300946,-0.1605338426725707
2.080562785396501,-1.2410534543633964
0.32264945363728836,-0.6380214967242465
0.5842850333882609,1.2649245305739958
3.279924693091163,-1.1180878931016467
-0.4614548255254647,-0.43400672898918324
-0.77995652317558,-0.07394469486356384
0.7630501309971109,-0.9197109608156383
0.6464008141951826,0.9040361562852256
-0.3754763337766728,0.8823572202391932
-0.5886745282047224,-1.5192936778637596
0.5004227397447836,-0.5659388525061209
3.432077106296537,-1.2466200189471375
-0.8803578191700683,0.37072725425309594
-0.4498415252777017,-0.20893281723789617
-0.8341907358553755,-0.24779709483268414
-0.26323128975766114,-0.7161729455588745
-0.4680249524409333,1.393921514522165
-1.4428078411071763,-1.0074365011220971
0.16445982661122596,0.4144794949930068
2.1466786026626807,-1.3014206501044987
-0.22001703689574692,-1.6392970297014453
2.9948369503933847,-1.4011610163871688
-0.07049943429877015,2.1511227402137005
-0.696946399681832,-0.26348843040280157
0.8883044860565334,1.147631318455459
-0.9885663066836334,-2.5525061680781804
-0.11066228163890822,1.6277897214595103
-1.0074595547286724,-0.5928462929074966
-0.6368475374410563,-0.4295551959096955
-0.5888666984209687,-0.5437003608700526
-1.315194412318661,0.4549968270806416
-0.24169142083166675,0.18853617214090768
-0.3449798808158645,-1.6562482826956633
-0.33386467190822566,-0.23059729110270835
-0.08758671755912038,0.015360178185600513
2.848735601380908,-1.7071438654546685
-0.016814049425273824,-0.9746158431735387
-1.2874756637083256,0.8450967041644676
0.25168639206292776,-1.6950541697941992
-0.7265471560017384,1.117281073320802
-0.11695048352913637,1.2755658945455726
0.5187112802442463,0.4380974850490931
2.239458953837081,-1.8738170981826499
0.8094379750313968,0.48017150514847906
0.29791748693625125,0.5288011140532064
-0.11528096128198137,0.41741867782098213
-1.2505255729504554,-0.9155419164255281
1.2561132214561443,-0.06663307400183056
0.5209461807574368,0.5842689701243987
0.094587017908205,-0.9859232212725053
-1.706411014706646,0.6758405907072158
-0.5464687232373765,-1.5315411071067864
-1.3524526644533117,-0.25377815314638347
-1.8170314893436625,-0.8161239704401857
-0.6076777997194595,-0.1570143813947872
-0.05334456563433988,0.6363178035673852
-0.728734086983045,0.4537816282585662
-1.9910685412630365,-0.0647247024486876
2.2677614139848448,-1.819385330275364
-1.3892011245796116,-1.8706059656919911
1.6047540546004473,-1.5061468806280225
0.3987822202864696,1.119240585353273
-0.8839270816595943,-0.4965571635737578
-1.068579685719507,1.2308452003572308
0.16968587791090975,1.5131214276717904
0.43695204512128494,0.46513180487048433
1.9346204423870512,2.293795898666156
0.5462134122386625,-0.5293137349212821
-0.32900402858317107,-1.86151246223818
-1.6221112352308031,0.4965267389721344
-0.4483291731972212,0.06454583894754033
-0.5730895815074378,0.6323386112740129
0.22564406723538727,0.6648140575863358
3.8911815603178908,0.1453575959855063
-0.07965889547375088,1.1846583725146957
3.7002676956327436,-1.2388997943697746
-1.8095991693073632,-0.35741959499936726
-0.21171756184189963,0.7282527151139154
-1.2395092508505254,-0.4634661251122934
-1.340017371425885,-0.5262962542817162
0.6677453848629075,0.6246431464307106
-0.7961132986987364,-0.3851665672752813
1.9737384483870926,-1.5112865995676017
0.22288263697683247,0.5133730248574864
-1.1202799714767933,-1.357822252898625
-0.8662660885039948,-0.6564729769209551
3.029453452316687,-0.8809007053114188
-0.780874984097554,-0.9848019534978948
-0.43050271088529457,0.8145173535791468
3.456569349302916,-0.19820282564440633
2.0880337563613414,-2.9695661534885986
-1.5594137851907208,-0.9896794232292211
0.23107709473665902,-0.6860941057626634
-0.3652019706069239,-2.3930061058239858
-0.7451790748599441,-0.14270534831938544
-0.6376978556422696,0.7707386806019668
0.21217507380559456,-1.2849557791658774
-1.3070853693343822,-1.6996147699678628
0.24389670241266068,0.06777667212205933
0.7244117084095119,-0.08377304138930675
-1.31739940933777,-1.4359859166353903
-1.1752208512800943,-2.0789566703704554
-0.8372191689691862,-0.6008931569380064
-0.5674225814915028,-0.6040842324879813
-1.082173634723781,-1.5482104326486885
-0.9999021902916442,-1.2205988555881189
3.265388568498917,-1.1774261823743517
-1.291816743988638,-1.0018679509378794
2.499269884150537,-2.4035487398293367
2.9115308270023452,-0.6988413360579054
3.3172077730209057,-0.3950831719678502
-0.724401796455195,0.8311260925065995
-0.23103603406533452,-0.41242364628105094
-0.7013457871323283,-0.9145140991624543
-1.602275055280981,1.3920916013236868
2.7599567058847607,-1.3895200833465917
-0.28545507602995634,-1.4330192806520614
-1.3350813600854539,-1.69804580030309
0.6236002654814866,1.163272378909422
-0.16394868561353412,-0.31745439054427366
-0.6722899934450624,-0.17693351135428462
4.137701157666457,-0.15850426423252595
0.06634025519980935,2.0616521760840567
-0.7171828312830303,-1.0230958171601128
0.5700164208203354,0.9362154333462653
-0.36521158024459577,-0.08416599961529762
-0.09742824441769701,0.7134337497062805
1.1557821420633865,-1.078041053103934
-0.40937498472650663,2.075775115562365
0.6266411067601719,0.8629395613084258
-0.9000615553781186,0.047171272628052235
-0.44247625393290213,2.9496461936785625
0.24609299073909496,0.8163342058660344
-1.3213888697893659,-1.398261145047075
-1.8719775224622581,-0.36685931785932385
-1.4735092474660072,-1.0715231301524817
4.00965575706,0.41883909967309835
